{"cameraMode":{"drawMode":0,"name":"Shaded","section":"Shading Mode"},"sceneLighting":true,"audioPlay":false,"sceneViewState":{"m_AlwaysRefresh":false,"showFog":true,"showSkybox":true,"showFlares":true,"showImageEffects":true,"showParticleSystems":true,"showVisualEffectGraphs":true,"m_FxEnabled":true},"in2DMode":false,"pivot":{"x":10.927855491638184,"y":-3.9242324829101564,"z":8.918525695800782},"rotation":{"x":0.47034186124801638,"y":0.0489313080906868,"z":-0.026130791753530504,"w":0.8807394504547119},"size":42.87828063964844,"orthographic":false}